screen_name,stance
AusAntiLeft,denier
rocco_anders,green
ecobusinesscom,green
ausnostra,denier
MicrobesInfo,green
tarishi_saxena,green
JJacobs2050,green
IcyRainy,green
DSMWcom,denier
pandorafan32587,green
angrynationalis,denier
Ourlasthome,green
joeratleyjr,green
JoannaOneal,green
MrAyeDee,denier
FariBrad,green
JamesReedman1,denier
Tundebabs256,green
IndividWrapped,green
saliMadridista,green
matthewhayden,denier
parlace,green
mercredit1,green
Laurie_David,green
AESSnews,green
klaudiko,denier
Lesleyjass,green
MasterMastabah,green
EnvProtectioNet,green
climateWWF,green
lucid_value,denier
ladyditax,green
AmeenaAna,green
CitizenTruth_,green
kirklander61,green
construction21,green
GTMGQ,denier
WoodlandTrust,green
BonnieBouma,green
timeclockman,denier
GiBonazzi,green
chrishendel,green
marismediaca,green
VishaalB,green
battifund1,green
sunilkherwa,green
TJWooster,denier
terry_legg,green
richardgoatcher,denier
BriarPatchDude,denier
JaanaPrada,green
DavidSvab,green
cbcwatcher8,green
rajendrashende,green
valedisanto,green
Wiweck,green
TheDeliaAspect,denier
_mayradasilva,green
hosseinetesam,green
rinikag,green
hanster55,green
Stop_Groupthink,denier
iamenvironment,green
R34lB0rg,green
merja_mitrunen,green
BeyondInvest,green
olivergburke,green
luisdepau,green
404UserNotFond,denier
savguy2307,denier
fatpatriot,denier
leopardtwo,denier
GillKing01,green
NeilDufty,green
DebbieAAldrich,denier
yrhergon,green
clearticulation,green
OffEngine,green
DustinK84659939,green
TEOTWP,green
lois_rogers,denier
antideologies,green
DaCoach5,denier
RisuenoCarlos,green
AreMoreEqual,green
TRBRajaa,green
bthib_ocean_hku,green
PDog1313,denier
ApoloJedi_,denier
ChalkSally,green
indivisibleWA2,green
treacl,green
RevelleGroup,green
SgkPlanet,green
gustavocevallo,denier
TheLamarckian,denier
dorsie78,green
SissyWillis,denier
MAGASoGood,denier
TheDanielMarch,denier
UnClimate,green
PatriciaLybarg2,denier
TweetReinhard,denier
archievore,denier
ThinkGlobeGreen,green
circecon,green
EstefaniaLiehr,green
BILATUSA40,green
skallabard69,denier
RegWatchCanada,denier
ProfMarkMaslin,green
APInfrastructu1,green
Merlyn43,green
weADAPT1,green
KlausRiede,green
WiseUpTX,denier
susanjfeingold,green
lufianblid,green
foniker,green
ChrisCompo,green
Envirer_IN,green
TheGenevaAssoc,green
derekdob,denier
NicolayGeoffrey,green
buettner_tobias,green
RexTelemachus,denier
jitterflyart,green
CaritaForsgren,green
SharbOrganizing,green
MakeEarthSexy,green
mit_esi,green
kwteaparty,denier
Stanch247,denier
EsmeraldaTormez,denier
labisiajadi,green
GREENESJ333,denier
PPCpfdsddo,denier
lulabelldesigns,denier
blockchainrock,denier
DuncanKeeling,green
ADB_HQ,green
ExtinctionClock,denier
GlenSteen,green
Marie_O_FR,green
EmpathyMarket,green
ClimVari,green
greeksteve,denier
KathrynKickligh,green
TCIMarketer,denier
tonirtx,green
CWL_BeGreen,green
Axarya,denier
Pat_Lewis360,green
LadyFyreAZ,denier
beingrevolution,green
DrewDBrandt,denier
mokkikunta,green
LogicalIndians,green
MattersUStand,denier
kerrand,green
GreennovaFound,green
Greenhouse_PR,green
egakasos,denier
MoCCaEUAE,green
hsiemens,denier
surly_viking,denier
rs232pro,green
Frankendr01d,green
ClimateWarRoom,green
paarisenthilkum,green
ThiagoMaia2503,denier
G_Allen,green
McZaustria,green
PeterNJanssen,denier
MediYoga_ax,green
BeyondLove2010,denier
Xoolab,green
dangainor,denier
phantom_final,denier
alisterdoyle,green
matteorossini,green
healthcarehi,green
iwillharness,green
LODweb,green
_RaulRevere,denier
fausee,green
ashishrbedekar,denier
ralphbalexander,denier
MikeNelson247,green
teanthcoffee,green
Parviz4nature,green
ErelRosenberg,denier
QuintusDias79,green
SailForScience,green
LindaAspey,green
ManEco_Found,green
peoplevsoil,green
keichri,denier
ClimateColl,green
CrazyAssBear,green
WombleKiwi,green
arlohemphill,green
PMgeezer,denier
LaborIrishDem,green
planetaid,green
WorldResources,green
EasterLemming,green
aynrandfan,denier
MichaelPghPA,denier
ClimateReality,green
prabhatmisra,green
cleanenergycan,green
SymbioDiversity,green
beachydreamer,green
Electroversenet,denier
clubbers007,denier
AM_Porta,green
CarynFitzgeral4,denier
ackerm_ann,green
SignorinaLora,denier
BMacgillis,green
neesietweets,denier
HeartlandInst,denier
realJohn_Stiles,denier
KariJoys,green
billyrr3,denier
telesurenglish,green
TrySomeToo,denier
CuraEnergy,green
easygeography,green
Grand_Infidel,denier
paolocvl,green
timethief,green
Lilliputty,denier
Rasmussen_Poll,denier
yesyrc,green
ecogreenlove,green
globalwarning_,green
nunoluciano,denier
latimeralder,denier
clapwing,green
Atkinsopht,green
BrookeArnold91,green
MaiaEnergyLtd,green
ANGETERRY,green
AnimeRecords,denier
DThinksIt,green
e_rawlins,green
MetroPulseUSA,denier
yukaritaka,green
netsy01,green
DanielElias2,denier
SaphiraBrendan,denier
RomanGoergen,green
shanandcrew,denier
Matelot1325,denier
birdwriter7,green
raayar,green
Mahyarm86,green
CmccClimate,green
FxMedChiro,green
market_forces,green
OliverWitherspo,denier
ProfSHaslett,green
dev_discourse,green
cwpontwit,green
latinos4truth,denier
SEforALLorg,green
Managers4Future,green
zerosum24,denier
Paula86881534,green
mikecarberry,green
BlessedBeAreWe,denier
ParansSolarLigh,green
InfopointA,green
walt077,denier
W4W_Global,green
keef_reefer1,denier
RWwatchMA,green
robbya14,denier
AmirDornai,green
greenpocene,green
RnfrstAlliance,green
LetsStopIt1,green
Ada_Schmidtkunz,green
devaidnews,green
johnnyfrankones,green
MakingEnvirNews,green
OccupySchagen,denier
Imranalisheikh,green
crossmediapubli,denier
Bill963,denier
merahza,denier
Cizauskas,green
OurProgressive,green
IvanGuettler,green
cleulady,green
ScottWitlin,denier
RKalapurakal,green
millenniumenrgy,green
adrianahoyos,denier
mrbr3c,denier
RWeisenbarger,denier
BeVegan4ever,green
HAJapan,green
AussieAce_,green
AFilan,denier
GheorghiuAndy,green
Below2C_,green
commonsenzze,denier
TrumpFansBlog,denier
jenniferwoofter,green
StefanoBris,green
AndreaGerak,denier
BESNet_UNDP,green
raftofwater,green
ShoeRepairLady,denier
EizmannCH,green
MsShireenKhan,green
ilceruttino,green
Arthur89367695,denier
EHPinfo,green
CCTA_NC,denier
ritesharya,green
rustc,denier
DrMonaS,green
SilviaRimola,green
EmissionsTax,green
ruisaldanha,green
Claude_Nahon,green
transitman12,denier
KathleenConnell,green
suez,green
regova1,green
CORDIS_EU,green
yclimatechanges,denier
Maxi_Green,green
TaxMadnessgov,green
MrDickieHoff,denier
FerrariMac,denier
InterfaithEco,green
Unionbuster,denier
vanivina9,green
shaminis,green
FirstGenAmericn,denier
Siansphinx,denier
ManuelasWeb,green
APagesT,green
amplussolar,green
BrendanCarton,green
NoTillBill,denier
AnttiVan,green
ThinkReason1,denier
ZainabNaeem7,green
SolarPowerAust,green
djbelieve,green
CameronJMClark,denier
AfricaSustain1,green
Green_Living1,green
theglobalclima1,green
scurve,green
akhilbhalla,green
ouronehome,green
SagebrushTimes,denier
surveyorX,denier
richboss_uk,green
EcoDev5,green
webberwit,denier
Elizabeth_Ruler,green
lonieves2,green
stanwetch,green
Gender_Env,green
OscarsWild1,denier
libryanne,green
Al_Perri,green
WesternLandman,denier
edie,green
FouadBoussetta,denier
OntarioRivers,green
TorstenLuetten,green
BagalueSunab,green
WendyIsaacs21,green
cest_chienfou,green
lilbuttercupAZ,denier
QtheGovernor,denier
ForgeRat,green
Cameron_Diver,green
HaverburghTimes,denier
ServusPecum,denier
JeffScottBall,denier
lorenzisler,green
ResilientOAHU,green
globe_conscious,green
HuseEnergy,green
IntelligLiving,green
tweeter4truth,green
boe32053954,denier
SafetyPinJane,green
LoveEveryone144,green
UWork4It,denier
awakeinks,green
Entrepreneurix,denier
GulfTimes_QATAR,green
eStream_Studios,denier
gregpalmerx,denier
NevilleGaunt,green
lifelearner47,green
sustain_agenda,green
Jeff__Ellington,denier
IamSandaura,green
JustJoe91010,denier
Alan_G_Smith_BC,denier
alexparker1984,denier
SUST4IN,green
kevpet40,green
kr3at,denier
proofofimpact,green
jhunternz,denier
VSRuniversity,green
MEVorrath,green
JimStLeger,green
theamandaread,denier
anesterova2,denier
ProfStrachan,green
Barbaramull4,green
DavidRoweWTL,green
cool_effect,green
FrontierCentre,green
DoubleEagle49,denier
treebiology,green
phelanjj2,green
ExpatriateNl,denier
jodyconnolly2,green
Norm_Millsap,denier
kolakowj,denier
ClimateNeutralG,green
movie1212,denier
target2030org,green
Mafalda86908794,green
SerendipityDizl,denier
_SpitfireRose_,denier
GrrlScientist,green
davesgas,green
climatemessages,green
RedBlueConnect,green
IAMIsraelJoseph,green
GrandSolarMin,denier
DermodyPat,denier
Omega_OCSL,green
Vyan1,denier
SasjaBeslik,green
JRiFLY17,denier
laura_lamond,green
DisguiseDevilin,green
Garama3CLtd,green
dr_rythm2003,denier
giz_gmbh,green
Merton_G3,green
ClimateComms,green
RecvcOrg,denier
2019urgent,green
marji_puotinen,green
soncabral,green
NewsworthyNews,green
eB3Design,denier
Dan_Schwartz,denier
ReneOrij,green
JimTolbertNC,denier
SonyKapoor,green
Boschii,green
HaloChiefPO117,denier
El_Lobo_14,denier
C3Heditor,denier
Solargroupies,green
MySollars,green
weermanreinier,green
LorenzoDelpani,green
slaughterfree,green
GusHinostroza,green
Divya_SB,denier
virgoka,denier
Wetwinter1,denier
Lozza61,denier
LMildwater,green
CropLifeIntl,green
FarhanVoice,green
Connect4Climate,green
vanvlietdesign,denier
GimstSouto,green
DrMikeSparrow,green
CluelessTees,denier
HillF1,denier
PatriotJackiB,denier
TrishKurralinga,green
sam_konneh,green
EIGtheABSTRACT,green
TraceyTorres,denier
CommWaste,green
andykazie,denier
fowler_hank,denier
eleanor70001,green
DRajesh_UG4PH,green
glenklatovsky,green
JacekJasinski,green
gregsandiego,denier
erinnkaya,green
TracyRussell39,green
AHeathensDay,green
Nadineroye,green
AnothaKindaGay,denier
jackieaxeNH,denier
AdrianTunzi,denier
Stan_Stinson,denier
AlexandreRos_,green
markdifford,green
JongleurMusic,denier
pdf00587301,denier
TheEnergyMix,green
RobTiffany,green
KarenMo06514375,green
AtlanticECS,green
thereisawayjose,green
ReachScale,green
marcelvester,green
trendrewards1,denier
Jamie_Woodward_,green
thomastorfs,green
wealthymindsma,denier
iag2u,green
TomHess_,denier
FirstClimate,green
laurapcd1,green
CecileGerondeau,green
HeroFuture_HFE,green
MantasNick,green
ZaharaMossman,green
AllanMargolin,green
OlgaSperansk,green
godi_talk,green
apokalupsis4,denier
GreenEdToday,green
maerkelig,green
angeldapope,green
MsLisaAppleton,denier
Jefree6,green
BobGragson,green
InfoClimatecoin,green
Seanergies,green
GreenToneEnviro,green
EcoExpert1,green
MichaelAgne1,denier
SelMill,green
TheBoldBusiness,green
brettcarter62,green
ScottCDunn,green
ShraddhaNair2,green
Dame_000_Deee,green
cs_klima,green
inventwithme,green
Hobogasz,denier
dreamspay747,denier
prometheus2054,denier
UnnaturalBlond,denier
Robswanney,denier
bibliopolit,denier
buskyman,denier
ELENACICCOZZI,green
transitionlouth,green
sami_randhawa,green
atulbat,green
uthmanali,green
journoviews,green
Grantham_IC,green
sammridh,green
Fairbanks357,denier
ChadCongo,denier
Baron_Gotcha,green
newsbynature,denier
whyclimate,green
JANIGAYL,denier
mitgc_cm,green
Weather_West,green
joanna_portugal,green
LegalLining,green
ThomasDiyWv,denier
JasonJMurdoch,green
RachelWLoewen,denier
signpost365,denier
HarvardCCHANGE,green
Sharonema,denier
KindOrgone,denier
Nc1908Neil,denier
EcosikhC,green
DrBuceBanner,denier
Earth_v2,green
MyLittleRescues,green
thetruebluechef,denier
Pelican1,green
UwePaschen,green
sureshone,green
MaryPatriotNews,denier
Julio_reviews,green
schonmeg123,green
RobertNemlander,green
Jo_Barnes,green
WaterTrends,green
john_symond,green
masplawn,green
RCvengros,denier
2seema1,green
amoghahl,green
Stevewal63,green
dwtl13,denier
Msongini,green
WMBtweets,green
VRWCTexan,denier
CCS_CO2e,green
JenniferHouse15,denier
AAlasti,green
GrassrootsIowa,green
gerrybuddy,denier
ShawnaDLink,green
DonliskDon,denier
matthewprewett,denier
JackKingston,denier
R3NU3VA,green
FoxNewsMom,denier
sunarasu,green
rsqk9s,green
rgriercpa,denier
ICRISAT_LIBRARY,green
clearview56,denier
BarMan_RLM,denier
forest10000,denier
CmarketData,green
SnookiLoveDolls,denier
Tkarera,green
IshidaKeifu,green
placebokarl,denier
SummitVoice,green
paulhugel,green
Sajhafoundation,green
BradVictor6,denier
AlessiaSgobba,green
vmburkhardt,green
Social411Now,green
Nonsens38186712,green
ProgressHouston,green
EfarmN,green
bikeloveny,green
NIPRGreens,green
RyanTheMato,green
JPHMPDirect,green
NeilWMcCabe2,denier
BizLifePHL,denier
in2hisgrace,denier
CwHumanEcology,green
nrickyz,denier
headspacecoach,denier
wccjtsan,green
theghettojoker,denier
TheRealHonz,green
debrahubert51,green
krissy_lin,green
1st_4Quality,denier
vinod_d007,green
aykutgul_,green
HWBMan,green
J741258,denier
ouliemata,green
Hillizard,green
arslanbarijo,green
franciscannet,green
all_ape,green
DrPresage,green
polluxc,denier
ianthebrush,denier
ElizbethLManess,denier
Kernos501,green
PiotrKruczkowsk,green
allisonfriedman,green
FrackFreeDonny,green
SherwoodPower,green
GlobalTeenTeam,green
saintangelo,denier
DCKitching,green
dsteketee97,green
akalayci34,green
Krommsan,denier
DCMoshe,denier
rinatokiniaina,green
DonBoesch,green
banke718,denier
UCR_ScienceNews,green
MicheleS_Aus,green
draculasspatula,green
malihaatique,green
NKInsights,green
AuntyCorruption,denier
Chum_Dumpster,denier
FrankelChris,green
IBTimesSG,green
albert_garing,green
MariusSoU,green
hellmart,denier
PMZoolander27,denier
UN_JWFOWLER,green
EarthB4worth,green
MANOMACHINE,denier
AKoach,denier
YBelozerova,green
oneftr,green
GregJaye,denier
Healthybod3,green
Fedescony,green
MarathonOfLight,green
chaszzsmith1951,denier
JosCuadros,green
occupycorruptDC,denier
psaranto,denier
Pink4ThePlanet,green
ECHOActionTeam,green
ClimateSt,green
future_timeline,green
SuMoh7,green
theclimatelist,green
2degreesinst,green
itsYourGrace,denier
12voltman60,denier
climategeek,green
SwampGreen,green
tobybartlett,green
ShayC5,denier
planetXplorer,green
RodaleInstitute,green
MaterialTrader,green
naheitzeg,green
GeoffreyMesbahi,green
dpoudyalaya,green
svegress,green
sydneylkaster,green
justearthnews,green
dude_america,denier
HenryCorp,green
Mah_Sajjad,green
LenFisherScienc,green
Rachelbomb,denier
BobThePsychic1,denier
SharafatAliPK,green
KarenGaunson,green
RomeoFrancine,green
Ghiscobaps,green
anand_sivaram,green
AgriRF,green
MarkPusBucket,denier
L_Geekhome,denier
SirMickW,denier
Clay8191,denier
ManriqueValdor,green
13setenergy56,green
VEEPCA,green
iclimatechanger,green
jillheinerth,green
courtmullins,green
LuisRealAgenda,denier
CoachKerryOB,green
DolphinSeeker30,green
ssgovforum,green
GreenGrounded,green
76SilenceDogood,denier
paulcomac,green
GaddamKShekar,green
norma__77,green
SusanRogersMH,green
ThrshldPodcast,green
vickysmith,green
tweetphee,green
jackieaus,denier
VahakK,green
iwasfletch,denier
Alternative,green
RenEnergyUK,green
CassieCraven1,denier
JustinTemplerSr,denier
OurCareBooks,denier
oakden_wolf,denier
RatioScientiae,green
luddy,green
pr0spectorpaul,denier
SejutyH,green
barryspoints,green
Marathonpundit,denier
DrDuly,green
climateActTech,green
vozderazao,denier
MegFloss,green
RexestR,denier
carbonfreeda,green
pomeinnz,denier
JorgenFaxholm,denier
Vastuullisuus,green
DHawaleshka,green
pcraindia,green
CsabaVarszegi,green
EnviroDo,green
GeaRights,green
Leslie_Goodreid,green
ScienceJerk1,denier
cllrbartington,green
USASMNR,denier
DawnRoseTurner,green
ceo_plus_ch,green
savingoceans,green
StimsonEnvSec,green
Persp_Africa,green
tysalihu,green
Fisher_DanaR,green
MajBinDE,green
sanjosejane,denier
YaleClimateComm,green
Sev_Ren,denier
eartheasy,green
Akemm2Annette,denier
drysdyk,green
Shaun_222,denier
FreeBra1n,green
SusanDRichMD,green
Earth_Changers_,green
welcomedwelling,denier
FredericaTuita,green
gy_sh1n,green
upanddaun,green
ssreemitra,green
iBizZee,green
Ikoniclondon,denier
Coffeewarblers,green
rising_ag,denier
GreenikusGlobal,green
Roywatkins,denier
MayaSvevak,green
sustain_plus,green
Chris_1791,denier
WhittyMike,denier
achasemahr,denier
thewxobserver,green
Uptheleft,green
trojancowboy,denier
henkmartin125,green
Waterbriefing,green
XRBulgaria,green
JC_Aucamp,denier
MOSAiCArctic,green
JoeriRogelj,green
ArchKennedy,denier
DrAlanMarshall,green
EHLittlewood,green
IgorAn9,denier
BBBubby77,green
nowwerevolt,green
CathyCathyFox,denier
PlasticBreakUp,green
Virtuebrush,green
fenario,green
ChiBarb,denier
giadro,green
AndiRalph,green
mihotep,denier
Bullballs02,denier
Jimbo679,denier
kedardk,green
350Deschutes,green
CRay_USA,denier
1tallmidget,denier
randal_olson,denier
HannahNesich,green
Unlessnowglobal,green
shantalwriter,green
BritWeatherSvs,green
toxicslink,green
dngarrett,green
IRENA,green
sim_climate,green
yukamama,green
niankul23,green
danmsnyder,denier
EdwardJAllen,green
novaculus,denier
wmnsmarchla,green
EnviroBlog_AU,green
PermResInitDet,green
HandymanCapitol,denier
CarbonBubble,green
DrNASA87,green
DRyanRieux,green
ClimatePoet,denier
1TAB_843,denier
Expat_Aussie,green
CCLContraCosta,green
Bugsabee,green
10WallStreet,denier
globalwarmingt,green
GermanAmbTHA,green
locosmo,green
reinharduhrig,green
Mbydl21,green
johnjordan1969,denier
TwiggJohn,denier
roofmonqey,denier
keesvandeelen,green
dhiggins63,denier
edwindearborn,denier
OldDogDocs,green
white_rabbit432,denier
DaysToNovember,denier
xopher_xopher78,denier
danielfinsler,green
MCFIV,green
ausblueprint,green
CliffBurns,green
natasjlp,denier
WillKnocker,green
AgweekMagazine,green
EnrickaJ,green
uraps,green
jettnuke1,denier
themightyflux,green
mahesituated,green
jess_sandhu,denier
climatespin,green
TommyScroggins,denier
mirella_rangel,denier
sdgnigeria,green
4TimesAYear,denier
JohnAnon404,denier
action_earth,green
JanHRoos,green
FrancisHayden1,green
DavidWa20090980,green
R3Thorns,denier
ClimateActionG1,green
NC_24,denier
FreedomUSA835,denier
ArmonRaE,denier
gladeolie,green
james_minter,green
LGcommaI,denier
johnnyastor,denier
kchernecky,green
northwind1ndn,green
DrGJackBrown,green
PeterNHerold,green
EnergiewendeGER,green
cgiAlexis,green
FaithfullLewis,green
Tayelrand,green
IowaAgRadio,denier
WozzaNoski,denier
KwameGilbert,green
molonlabe85411,denier
WMN4SRVL,green
ConservativeCCh,denier
chlefHH,green
ChrisWright162,green
les_deplorable,denier
KiraOnClimate,green
beznauersetzen,green
MaxWellWilers,denier
paulasuepena,denier
AtifSherrif,green
CitizenVain,denier
CarlAtteniese,green
TonyVenutiShow,denier
monslowten,green
nigelhawtin,green
BreatheSciences,green
suzlette333,green
SustainSheffMag,green
EssenThe,denier
CrazyEarthLover,green
GlobalLF,green
allan_crawshaw,green
Richard45992412,denier
joanharrisart,green
AzSnde1,denier
Vcrow,green
vagreenparty,green
farmingsecrets,green
stevetierney,denier
SamZed1,green
carolinemucas,denier
didyoucheck,green
KhalidKareemm,green
artmaltman,denier
markcartertm,green
Boi_dBoi_d,denier
FakeMediaNews,denier
onursal_nilufer,green
lovetogive2,green
Toronto350,green
stillokie,denier
HappilyH,green
bipss,green
NorthAmcarbon,green
capitalisticguy,denier
leopmckenna_leo,denier
cliveldunn,denier
BPratto,denier
DirektSimon,green
uk_grand,denier
MarissaR1,green
jimpfaff,denier
JohnCoviello1,green
Spikeyman2,denier
j_son31,denier
bluevision_en,green
SaraCsit,green
hainantilapia,green
AllGreenRemoval,green
TamaraTr,green
VanIslandstyle,green
Werner_Wimmer,green
trip_jdg,denier
MyFrogCroaked,green
Aequita67250433,denier
AppleheadEmma,green
coop_world,green
JennieBHicks,denier
radhikakkalia,green
eyesadeplorable,denier
CauseBecause,green
WorldwideLiber1,green
miriamcosic,green
ExposingFakene4,denier
Michelle_WXYZ,green
muftahelarbash,green
IPBES,green
Veolia,green
rionabray,green
PedroRLopezGar1,green
CarbonConvoCA,green
friendinmiami,green
LiveEdges,denier
CMA_science,green
HotepHeruAaru7,green
meraqi_co,green
ValentinaSOS,green
rpujolvives,green
steveghan1,green
enchantedone71,green
JuanyKeville,denier
Sam101100,green
BigGreenBlog,green
UNBiodiversity,green
LeisaWoodman,denier
IRVINENP,denier
SarayaWorldwide,green
ProofingFuture,green
deculley,denier
arbnco,green
NazBacgeroglu,green
iamscicomm,green
climatebabes,green
claire_gauci,green
MrBrianPacker,denier
ADevotedYogi,denier
gruesomegull,green
davlew14,denier
Riogallica,denier
BioBag,green
FreeRadioRevolu,denier
Wisco,green
John_Kuhn_AB,denier
CA_Latest,green
WildtalkP,green
DianaOrrock,denier
Deejay_OM,denier
CRichardB,denier
Importantnotimp,green
LDonnadieu,denier
georgiakstrange,green
lowerthetemp,green
YoriKitKat,denier
AngelaKorras,green
NoneOfy88049470,denier
EconomicsJunkie,denier
sydnets,green
PopulationMedia,green
BerksGasTruth,green
WPCSocial,green
dwpa,green
HerbMartin,denier
n4hpg,denier
LoveMyLordGod,denier
wizquizman,denier
MMAfightfans,green
HarryKolosJr,denier
rogerahicks,denier
VoLoFoundation,green
vanessaikou,green
Karajavuori,denier
LaurenceMarineB,green
darielgarner,green
JukkaRanta2,green
Stasher_BC,green
sunriseaction,green
Uncle_toms,denier
notesseekers,green
brentstafford,denier
mirpaix,denier
sam_i_am_dada,green
joanikledi8,denier
Anthony_JField,green
ckatz99,green
libertynation,denier
Natures_Samurai,denier
1HermitCrab,denier
AussieActivist,denier
ellymelly,denier
ElenrielGray,green
SightseerNW,denier
MyClimateAct,green
MFS001,denier
miksu2006,denier
2centsfrmBill,denier
citidotio,green
lawnspeak,green
FloPopp,green
KenPledger,green
EimonEnterprise,denier
GISP_Tweets,green
grand_solar,denier
JaimeDinamarca,denier
ESpacewalk,green
keekl7,green
ken_in_dxb,green
tiroshen,green
iimanlapaz,denier
fishchris502,denier
hanselang,denier
PluralismGlobal,green
rafstary,denier
jim261bob,denier
Jude11415,denier
SisselWLarsen,green
Stredni_trida,denier
cmduck2,green
BarrowiceInfo,denier
ross_macfarlane,green
3Heckmonwyke,denier
HanaBajrami,green
BrotherNewcomb,denier
KenBurridge,green
imhashime,green
oceanunite,green
rogovoy,denier
EconBobG,denier
BueyOBuey,denier
NaturalDallas,green
RossDuckham,green
drmenlo,green
ronmartino4,green
dneige89,green
wrobertsfood,green
AVAEnergy_,green
bprophetable,green
ConservationOrg,green
votesolar,green
psa188,denier
CaramelParsley,green
BuyCcg,denier
zwickyinstitut,denier
carlbadder,denier
lifesafeast,green
EarthOrg,green
Skinner147,denier
MaxAutonomous,denier
ShammyVentures,green
AltingerLaura,green
MacDaddy611,denier
InfoMgmtExec,green
citizensrock,green
CarrieHKelly,green
starrshine7,green
Zeno500BC,green
VortexEngine,green
H2OTracker,denier
stroinskip,green
angelovalidiya,denier
CatwomanJS,green
MyGreenWeb,green
ecoforumorg,green
sacr3dcycl3s,green
FactsMatterJack,denier
ReachCarina,green
JAlanReid,green
ThePlanetEarth,green
maximos62,green
OldSilasWebster,green
elihenry27,denier
cthruu12,denier
ArkaciaVentures,green
sschenk622,denier
deepereyes,denier
RichardKing633,denier
herrkusuma,green
actfortransit,green
PeterK0243,denier
realNovaWright,green
AllenWrench,denier
SavannahBayBVI,green
uppsalainit,green
dianamswancutt,green
SnowdogChampion,denier
Glenn_somebody_,denier
ProfitDoctor_,denier
GreenIvyPSS,green
lambusted,green
ORNL,green
WewokaChronicle,green
Cnashsebring72,denier
PlayfulWalrus,denier
thomascoleinc,green
CProvancha,denier
SatoshiNotamo,denier
RebelRob34,denier
AliHendessi,green
Srcdelhi,green
MindiMessmer4NH,green
FxCave,denier
withazed,green
isitallthesame,green
ecorightbags,green
solaroof,green
NuLeaf_Tech,green
vk2hml,denier
EduMontesin,denier
ArcticInstitute,green
RoseBoneCrone,green
ESoeder,green
ilatif,denier
BjornLomborg,green
abdellatif_adel,green
DanRJohnson,green
digitaldeath,denier
Michael93472968,denier
_SemaHernandez_,green
theirish_mafia,denier
RenewOregon,green
TRF_Stories,green
rethinkenergynj,green
christinapacel1,green
RichitaChavan,green
DAYLEE,green
SarahFRobinson,green
jpGattuso,green
JoeThorpe1963,denier
DierksSterling,denier
HBwriterMike,denier
stnr_on_strtgy,green
neilrkaye,green
SDSWater,green
CaPrTim,denier
ISF_CentralAL,green
gatherwell,green
Daugherty2At,denier
narsa2556,denier
qrayjack,denier
dredeyedick,green
wecprotects,green
KathrynDarden,denier
TFME_MAUREEN,green
down2earthindia,green
PublicomGroup,green
poblado_verde,green
Coor___,denier
TheSTEMAZingPro,green
ClimateOfficers,green
AnyChart,green
Klaatu77,denier
mwiik,green
Dusty186,denier
Watchdogsniffer,green
ThatsElementary,green
EdWardMDBlog,denier
jennybethm,denier
JoeWChristian,denier
pbrown4348,green
EarthAndMain,green
DrRafiqRaji,green
MamuszH,denier
PSRenvironment,green
HJeppesen,green
Palash_Kamal,green
ChandanSudip07,green
JosephEmmons5,denier
AudioCode3,denier
WhoDat35,green
miguelrazoc,green
solarpapst,green
love_earth007,green
Qlder,denier
drmatthewhardy,green
vcue,green
AgingDouche,denier
dhershiser,green
selkiesun,green
BasuAshis,green
iemanet,green
OceanicRescue,green
georgiastraight,green
DaveR94476809,denier
AliBanwell,green
antoniolicona10,denier
IndivisibleHoCo,green
SustainUSNew,green
ketan83,green
NicoleRis,green
rvengosh,green
BerndBurkert,green
peteswildlife,green
AdilG,green
nzo11,denier
EKOenergy_,green
RyanEva09546188,green
thrudasmog,green
bgaymoreoften,green
CompetitiveAust,denier
DriversChange,green
davehsbrk,denier
ClemKwizFilms,green
kathypeterson,denier
ClimateNexus,green
susila55,green
Gladfly1,green
sherrybach,denier
StephanieT313,denier
semaphorist,green
rk70534,green
bernadetterepis,denier
BloggerMe3,green
TampaTweet,denier
twittheheckout,green
_therealmark_,green
zapoteco,green
alan_poirier,denier
BigFatZero2,green
EthosLifestyle,green
Aethonaia,denier
Xerravon,denier
ErlendMK,green
capital_climate,green
RavenwoodErica,denier
steveTHEbacon_,green
TheWinningWoman,denier
CarrieGaard,green
AntonBoym,green
MicheleCitizen,green
getboring,green
GroundedWorld,green
alik_rainey,green
The__Sicilian,denier
IamDeeHassan,green
BinStrap,green
WmWallace1911,denier
gretelochen,green
CandiceManisha,green
Ted_Niki,denier
MrsESK,denier
TheBleeperGuy,denier
Adamitv,green
jed_lisa,denier
twitfer,green
ProfRayWills,green
SimonFili,denier
ammarxghori,denier
AlexFormuzis,denier
SusanLorelei,denier
scisar,green
KobeeManatee,green
BeachActor,denier
BigShineEnergy,green
Hazox_Inc,green
elliemcohen1,green
carannaden,green
kaihagen,green
GCAdaptation,green
zanesloanbc,green
Living_Islands,green
gdillin,green
Knedo2,denier
HunterCutting,green
arnauqueralt,green
opineno,green
South_Centre,green
tampabaybucsfan,green
zpnine,green
InSocialjustice,green
mattwardio,green
RantsOutloud,denier
enabledfuture,green
Wildlife_Film,green
johnstretch,denier
GagneRenaud,denier
linistit,green
acidentalheaven,denier
Chris_G_Mofo,green
Northerndrums,denier
PlasticWsteFree,green
DBGreenAlliance,green
PlanetDiary,green
MayaMachacek,green
FlorentBrient,green
EVanderclooten,denier
mrsnow101,denier
ScottMizeSF,green
Matthew78954477,denier
djayjnr,green
faab64,green
TXsharon,green
MccipOrgUK,green
suranie,denier
gcarloantonini,green
StanfordWoods,green
vidhargroedhing,green
mrMISDEMEANOR,green
Crown_Financial,denier
gerardbarnard,green
Sarisher_Mann,green
HowSustainable,green
SwissRe,green
vthomas14,green
Jarnocan,green
LeipzigSyd,green
tngadd,green
MetOffice_Sci,green
Ian_Thomas2016,denier
ellen_husain,green
stopgasdrilling,green
Geeta_Mohan,green
FrankWorleyPR,denier
JohnDTrudel,denier
anandsiva,green
emeraldnijdam,denier
readnallthetime,green
norvergence,green
PASSIONftPLANET,green
DJSloejoe,denier
franksdevries,denier
Innovabo,green
DenZuzana,denier
CwsltdDrew,denier
weloveuusa,green
Satyagrahi_ji,green
NakedEnergyLtd,green
conserv_tribune,denier
Yerkes4Congress,denier
Wades_World18,green
pammerdrums,green
BerndWilke1,green
_DOEN,green
Jbuchan1969,denier
jaraparilla,green
SecretNews,denier
warriors_mom,denier
tracybiediger,green
ProjectDrawdown,green
AnjaKolibri,green
AlfoGior,green
DrSanjayPSahoo,denier
Webster71693583,denier
PROCHADMARTIN,denier
ricklevy67,green
ForumForAg,green
BUSHIDOBRYAN,green
i4dzn,green
RedlandsTParty,denier
stonybrooku,green
politcalcupcake,denier
RoseMLafreniere,green
GematriaClub,denier
AngusJames3,denier
BluntTruth8,denier
Guardian_Elite,denier
BillPounder,denier
LA_OM_Chef,green
MusicForRelief,green
cjharrispretzer,denier
likeabletoo,green
Dyonpie,denier
Adaya77,green
johnpauljos,green
AbieRubin,denier
MoistureVapor8r,green
wilsonee,denier
sautterlas65,green
_Aukera,green
nyctaxicabtales,green
StrideStore_,green
mrsgreensworld,green
EnergyLiveNews,green
AntarcticGlacie,green
southpoleglobal,green
mediapython,denier
IvanhoeMd,green
avtramontano,green
danspena,denier
planetkooler,green
S0h0jManush,green
DugandMateo,green
Mahmood05693164,green
AngeliqueMages,green
DavidMaierhofer,denier
911Satyagraha,denier
sabine_raabe,denier
JMariathasan,green
letourse,green
Realfafman,denier
Leadership_One,denier
LKanjuk,denier
rose2art,green
Earnest_Earth,green
rationalsquad,green
phil_bianco,denier
savillj013,green
VogelLopez,green
niitazky,green
Syedap,green
TheLoyalTen,denier
MrSalvenStadl,denier
CoreyStorm,denier
napbot,denier
PoliticsOcean,green
JRoc23,green
585Conservative,denier
RinaldoStefani,denier
TFIE1,green
greenpact,green
scienceovermyth,green
SilenceNotGold,green
jcastillotaylor,green
Wookie_cgn41,denier
THANKSTOTRUMP,denier
slimjimnorm,denier
mlbrisse,denier
johnlundin,green
VanesaVista,green
aztec_tone,denier
AlohaEvery1,denier
CharleyTakaya,denier
itbepolicy,denier
BranXpina,green
RentACFO,green
ClimateCentral,green
mightysparty,denier
BelnorEngInc,green
EsaNikunen,green
BrianCraigShow,denier
UNFCCC,green
Cornhusk,denier
eet_foundation,green
LT_Misc,denier
DrNRichings,green
newsbusters,denier
JacobHLeveton,green
gbibuildingco,green
ConferenceGreen,green
alikat747,green
roryekennedy,green
BeingFarhad,green
timreckmeyer,green
GreenFilmFest,green
JackLondon1857,denier
drcwhos,green
Tec_Ambientali,denier
diamondrn,denier
ErikHansLarson,denier
caiemmons,green
soylentbeige,denier
wanderinganimal,green
Badmanet,denier
xMrNoahx,green
jbauer1054,denier
MattRSchaefer,denier
EnergystDrT,green
mOrganicsKim,green
donjames666777,denier
researchclimat1,green
geoff_deweaver,denier
SDG2030,green
icareeicg,denier
JohnMKeynes1936,green
JobsCleanEnergy,green
PaulSeligNature,green
MyVeganJournal,green
EUScienceInnov,green
rightly,denier
Bob_Zhurunkle,denier
AsaWeinstein,green
JosephChez,green
mcnallydb,denier
WestJournalism,denier
smarthealthtalk,green
big_griffsfunny,green
dreampicker,green
rodcarbal,green
DougAlder,green
kevpluck,green
sgtmolly06,denier
GallantRI,green
fatcat62,denier
HansLak,green
mansoormirani,green
ADB_Europe,green
hermioneliii,green
pkoeln1980,green
Wendy_Bacon,green
1DesignerLife,denier
Waseela_Tweets,green
Jezus_s,denier
Trumpdonald786,green
euronewsreport,green
terry803,denier
troyswezey,denier
GalileoMovement,denier
crespinydorab,green
Rainbow_Golden,green
JoelGuy_,green
liz_colton,green
ICChangeAB,green
anirudhk96,green
Write2Night,denier
ClauselWill,denier
MVP_MikeC,denier
GPTInnovations,green
C_W_UK,denier
Geopolitics_Emp,denier
BMitchener,green
FrontierGroupUS,green
JBoningtonJag,denier
voiceoreason702,denier
jvhurley,green
pinkzebracross,denier
furez83,green
bogmay,denier
RonS4097,denier
dezignerchat,green
NihiloZero,green
john1ie,green
ClimateCQD,green
ForeignOfficial,green
andrescalle78,denier
DreadnoughtQCCA,denier
_L_world,green
WestChopLight,green
OScaramucci,green
SamuraiForPeace,green
AmBeautifulShow,green
MaximusPlaid,denier
FOWALI1,green
ArnfinnO,green
ObamoliniB,denier
DmitriRagano,green
jonashelseth,green
chitjuan,green
CommunalInc,denier
silverbract,green
butch_hoffman,denier
HOPE4THE_FUTURE,green
arpitamukherjee,green
envirobites,green
wclimate,green
OneAndOnlyZel,denier
CherylNewman_,green
MarcherLord1,denier
ProfAntar,green
AureliusBrew,denier
luishon2,denier
EarthAccounting,green
PAOTZEPG,green
eflump,green
thegreenregime,green
WexitBarbie,denier
climateleaf,green
Dtscher1,denier
jackstraw4242,denier
Animal_Watch,green
andytuit,green
Peter_Hindwood,denier
CarbonAndMore,green
theaseanpost,green
daly_meaghan,green
2waystrading,denier
steffensr,green
stormpaulpoulos,denier
RangersGray,green
gregmckone,green
pbarc552,denier
EarthWbs,green
EATegrity_Sonia,green
nella_hsoj,green
Brooklynmonk,denier
hypersmith,denier
COP23,green
EmmaAlaricia,green
RandyStaley5,denier
writtenword09,green
SillyGrammaJ,denier
etkphotos,denier
therealCoretab,green
PrecPrinciple,green
wind4me,green
HaythamMatthews,green
emergerstrategy,green
VodkaAcide,denier
TalkinKnowledge,denier
Laurencooper87,green
CSEINDIA,green
Penthos,green
PolarPolicy,green
MissMaga2016,denier
ThinkUncubed,green
pdjmoo,green
staticdriver33,denier
RealDavidJensen,denier
humbleone2016,green
geohumanism1,green
ClimateChangea,green
jjs92285,denier
CarenHaha,green
scapelliti,green
ElPerroCol29,denier
SS_Macfarlane,green
AnitaStewart,green
purplemeatballs,denier
SeanOCasey1,denier
miros2424,denier
Climatebriefing,green
SolarCoinNews,green
james_addicott,green
Tillett4CT,denier
OfficerWally,denier
sustainablewld,green
WSchnes,green
vocaldistrict,denier
pedalbikers,green
MaxMedieval,denier
TrishABQ,green
tbrockman9,green
bikebunny1,green
RealJakeDevlin,denier
1987SarahJoy,denier
Jayrossiter,green
Photosinthesis,green
CaribeSurOrg,green
ThereseRalston,green
MimiTexasAngel,green
AngieKozSwims,green
CaptainHottub,denier
martydlogan,green
howardbrown7,denier
lindaunobel,green
MartaOlazabal,green
RightBadger,denier
harshakuntur,green
LaoTzu5,green
CCR_Re,green
sunopal7,green
J_Liam_Fox,green
lilrachiepoo,denier
DukeHobo,denier
pauljimerson,green
nickischenker,green
EdgarHertwich,green
Yukonalpha,denier
Benyomin1,denier
VihrenMitev,green
paramendra,green
QuietYorkshire,green
NewsNetmeMedia,green
embeegle,denier
John_Monahan,denier
SG_GP_RESO,green
A4Ny14,green
WorldGBC,green
carl_cgrimes198,denier
Aniruddh_Vas,green
envirwatchdog,green
tcrpindia,green
sdmallardman,denier
HippieBookkeep,denier
bagadonuts77,denier
Project90by2030,green
CREWSinitiative,green
SummitsTrading,denier
realjuliemallen,denier
i_PrashantRana,green
ABDULAZIZQ,green
AmazingChevVolt,green
franceschinian2,denier
CanGeoEdu,green
OnePlanet11,green
KarenChestney,green
NGPFoundation,green
swsassy707,green
EarthrOrg,green
EarthOurHome,green
VetrepreneurOne,green
MinarAliyar,green
CountryStar72,denier
iConnectGlobal,green
KarinaFRamirez,green
NarQieTweets,denier
RedTapeMovement,green
AdamPOlsen,green
AYCMQA,green
grechy21,green
forgedbytrials_,denier
dougaqua,green
CoyoteGulch,green
BobbyGvegas,green
ernstkui,green
wizardofwords,green
ForzaCorrado,denier
Chandlerllc,green
mikesinc2,denier
takvera,green
CrisYorke,denier
trevorw1953,green
carbontracker,green
GES_Team,green
DrGeorgeBurdell,denier
NewerAstro,green
am_mirk,denier
nature2030,green
2driftersdevon,green
SecretAgent_86,denier
michellemacewan,green
filanjon,green
BenstksC,denier
hakaimagazine,green
Side73Dark,denier
AndrewOnSeeAIR,green
Hoboken_FBW,green
david_day_,green
subhamoy_das,green
LocalOceanCo,green
S_Keilani,green
CC101_,denier
LucMatte9,denier
EnviroAction,green
marianne_gj,green
SciForSust,green
mydakini,green
IBDeditorials,denier
CommonSenseTory,denier
dedriannes,denier
TforTrees,green
beckybuck,denier
Jamesiebabie1,denier
JimMaso02236687,denier
survivecollapse,denier
jfrankinphotos,green
marciabe,green
RightRedReturn,denier
Czarcraft_,denier
vadaglobal,green
BlairMassav,denier
laststraw13,green
Clima_Risk,green
ClimatismBlog,denier
4_trading,denier
denybot6000,green
KareemKozo,green
JEPARKER9,denier
ENRetDDMagazine,green
da_gary,denier
jazzkat,green
EWGnetwork,green
TRF_Climate,green
stevegrubershow,denier
FoodMfgMan,denier
Corinna_Barnard,green
TheBeamMagazine,green
FeliciaMDavis,green
rlriley62,denier
a_sharp_art,green
StephenLeahy,green
MennatLabib,green
ZeroWarningShot,denier
jimrwalsh,green
GlobalTackle,green
BudWitzke,denier
magacat2018,denier
mzee26,denier
HelpRecycle_com,denier
wandergirl20,green
ConsiderateMr,denier
rupephoto,green
SciReports,green
bobhillbrain,green
DavidJamesJnr,denier
politstrip,denier
kevindavis338,denier
Sheepdog1979,denier
CColpetzer,green
Rhenry0630,denier
ScheuerJo,green
kvangs,denier
361Energy,green
strikeforcekid,denier
Jaqtweet,green
nopasa,denier
bookofkatherine,green
EvillySexyBitch,denier
samike88,denier
CPWatson2,denier
LadyLiberty411,green
TheFluff2,green
PaulHol79067336,denier
Jacq_e_ohh,green
FashionforGood,green
miamicool,denier
SuzanneZimik,green
dlbessette,green
RAWitt2,green
EFriend53,green
Iampictorius,green
CFI_TampaBay,green
FreeUlsterman,denier
greenprosperous,green
24CarlyS119,green
iYFALondon,green
recyclecraft,green
JoongWu,green
BorisAlatovkrap,denier
ohbarry,green
AppalledBC,green
AttilioCotroneo,green
FriendsOScience,denier
sherrykochmail,denier
BrainWanderings,green
SteveOStereo,denier
MsMikals,green
HERU_Energy,green
khaasaamadmi,denier
GreenWarriorsTT,green
lavrys,denier
my4girls,denier
bud_ward,green
GoGonzoJournal,green
SunjayJK,green
mempko,green
APEnvironment1,green
dsagramoso,green
AGU_SciComm,green
AurelioDiCarlo,denier
LoriRLopez,green
NicolasViard,green
real_vt16,denier
SharpestJim,denier
lukebutler1,denier
complainster,green
WWFEU,green
RobinEdgar,green
nomuzrats,denier
jtdmaine,denier
TrumpsMyHomeboy,denier
anachech,green
pmagn,green
Enviro_Mand,green
wildernews,green
ruckmaker,denier
scxq28,green
OtagoGrad,denier
JoannaMMeyer,green
goodforbusiness,green
missny99,denier
leeantoniatobar,denier
ESTAEnergy,green
thaivisionkhmer,green
JanetteD,green
AsYouSow,green
desenviron,denier
FkuDaveWalters,denier
jmlong76,green
VaughanLazar,green
RedheadCommando,denier
MPUlricehamn,green
TheGreenGlobei,green
ecochange,green
GreenOathMonday,green
calizonie,denier
defheff75,green
dangermouse_77,green
KevinBaker412,denier
azimakhtar,green
arnestor,green
SchneiderDallas,denier
Of_The_Root,green
Glenn_Swart,denier
shanamccracken,green
jonburkeUK,green
wef,green
SharonMaclise,denier
michaelhetz,green
mflayton,denier
AbelValdivia,green
ZenPablo,green
zyiteblog,denier
Loraxpro,green
photobytomw,green
Aravind_Sivaraj,green
alphadogspartan,denier
calidarkhorse,denier
ema4earth,green
Rojowo,denier
Gezapz,denier
SmittyIsForReal,denier
DoogerNorth,denier
kjsgeo,green
BeckyIB,green
Orsted,green
BirteHella,green
BethMcNeill11,green
Dillroast,green
SwithinLui,green
zxxo,denier
femijr,denier
Karmageddon67,green
planet_saverz,green
tonixs79,green
TwoGunsForHire,denier
deborahskyrim,green
dbcurren,green
PlanetEarthMeUK,denier
Humdiha,green
katboybna,green
Mach1Broker,denier
jftaveira1993,green
Unicowsoap,green
CICERO_klima,green
sthomasphotos,green
nonsumdignus,denier
venturefarms,green
bluegreentweet,green
Penticton_Nigel,denier
jbmglobalschool,green
kaskadia,green
hyperobject_,green
SkyNewsThomas,green
NextGenEV,green
PullNews,denier
BA_Chaudhry,green
earth101project,green
PupsBakunin,green
fittontom,green
BlueBirdinc,green
UazmiWorld,denier
beckysuttonphd,green
franconerofrank,green
SovNations,denier
FrancescaPrya,green
ABE_TASMAN1642,denier
SafariWoman,denier
TheNeoStyx,denier
ShieldWarming,green
RisingSign,green
Sto_ology,green
RoseParker2017,denier
megwalsh02,green
KlaudineWakasa,green
michael_warren,green
99GAZI,green
ev4cleanair,green
Cornishview,denier
KenGreenberg,denier
wilthahwa,denier
ShoreyMichael,denier
MoneCharl,denier
suebeachbumm,denier
RebellionTwin,green
NORDONLINE,denier
JoeBobMr,denier
stevebudd18,denier
RobPages,denier
SultanLatif77,green
CLIMATADVISOR,green
RSPOtweets,green
channingdutton,green
Al_Czarnecki,green
houseofcalebfa1,denier
EARTHEART10,green
pokiedotie,green
intlibecosoc,green
EarlhamInst,green
Alanmfrost1,green
coolrunning2009,green
powerplantmaps,green
Akshayc18623119,green
kids_earth,green
LaurieDSouza,denier
SueForMayor,green
whiteshot,denier
HenryK_B_,denier
GreenwavesEnvi1,green
EuropeScientist,green
S0rcerersAprntc,green
BethanyBlankley,denier
tweetingdonal,green
mamakesithappen,denier
CRIDFprogramme,green
BrittaTabrit,green
Phdb2009,green
Dick_Muller,denier
globalspeakout,green
RealJMB1,green
EN2_ETown,green
garyjbyrnes,green
ChickImmigrant,denier
Dreamtraveler,green
BrianMoyer3,denier
lodewijkhof,denier
eyeonthearctic,green
luigiqtt,green
geoworldmedia,green
GlenRob78405325,green
KirHammond,green
SyedJaw36643213,green
ineeshadvs,green
pelepele1,denier
calfit32,denier
SubUrbanGrow,green
FredHarris_GC,denier
tompin,green
TransitionUS,green
celtic_mist,denier
h_appleby,denier
judymorris3,denier
NStarFan,denier
john_p_rafferty,green
pachrchadvocacy,green
SlowGoncalves,denier
mzjacobson,green
WoltzHowell,denier
noche_y_calima,green
DianeShears,denier
nayasala,green
SKhaliltash,green
williamfreimuth,green
THEdeedeebg,green
IV_Words,green
Go147To,denier
_AndreaAngulo_,green
frakara,green
DavidLHagen,denier
Loire1,denier
markle_darla,denier
AfricaMediaset,green
leifutne,green
TraderStef,denier
SublimeNikita,green
TheStoppedClock,green
robinsonslater,green
SusanHeaney,green
smqureshi,green
Greg80255630,denier
lillymckim,denier
TheJimHook,denier
GraemeLScott,green
billcoppinger,green
AustProtParty,denier
SEIclimate,green
olewin,green
anoncitizenhere,green
MikeRimbaud1,green
ssullivan315,denier
JohnForTexas,green
JonWeingartner,denier
GrosseOphoff,green
WaterAgg,green
BrianTakita,denier
TimurGrets,green
IgnacioEscauel1,green
marinccl,green
Ralor9,denier
blakcars,denier
AynTrump,denier
YourVeganHO,green
OBrodnicke,green
BreathingDelhi,green
freddreise,denier
KiniAlohaGuy,denier
kaadooblavey,denier
GregSpeirs,denier
SBudinis,green
GuiltFreeTips,green
John_G_MacA,green
Rajiv2015,green
MarkHen12854540,green
PureShakti,green
wxmath,green
markuspmueller,denier
anitasoina,green
zungumuza,green
ISF_NatSci,green
ClimateSignals,green
BJquipsonline,denier
MunishDatta,green
AB_Clipper,denier
rameshkotnana1,green
run_renewables,green
desderamona,green
overthelies2010,denier
Speak535,green
DJRainsford,denier
SanDiegoPete73,denier
thecsrjournal,green
DrESigston,green
nicolacois,green
EnergeoLtd,green
1draakje,green
geniusbalaji,green
SydesJokes,green
BryantHellan,green
ForestFounders,green
LaurieWillets,green
SjAk0,green
GreenSchoolsAll,green
GermannLewin,green
thewoman62,denier
C_Smart_Climate,green
77yamadog,denier
AlternativesJ,green
ramspacek,denier
EarthAgora,green
StopClimateCha6,green
SameeraSavarala,green
Bogarter,green
REGreenPak,green
ArcaneKnowledge,denier
oyakawakuniko,green
CathOBrian,green
CraigP_Morrison,green
Waverlywray1,denier
PhotographixByJ,green
tech2eets,green
michael_vernor,denier
_MikeMoss,denier
Maria62640456,green
drbiomass,green
WordsBucket,green
MarcikFrantisek,green
AnneSmartGrid,green
MireilleBroidio,denier
ChrissyQ1915,denier
PacificInstitut,green
fromsprout_supp,green
Financials_m,denier
AndrewHigsdrew,denier
Tiredearth,green
DavidEPSF,denier
BrunoTheBridge,green
JuicyL16,denier
luchostein_cl,green
DebBroadwater,green
stormcloud2010,denier
ChrisMartzWX,denier
Guust_Kadaver,denier
jjvors,denier
joaosodre,denier
HelpRodger,denier
endisnighfolks,denier
DMashak,denier
TheGreenDream,green
TaggartRehnn,green
ConlinLaw,green
SoumyaAngelEliz,green
EcoWatch,green
Hazloe3,green
A_climber3210,green
NJCommonSense,denier
SaveOurRhinoK9,green
_VeritasDigital,green
ISO_20400,green
fasildar,denier
HW_Helser,denier
NetizenKane,denier
ourecocharge,green
youlie4,denier
lostnorwegian,denier
Perceptual_Info,green
M_Dorgan,denier
AltNewsMine,denier
Alpenweerman,green
EWarnatzsch,green
allentien,green
FOECardiff,green
zxc098xxx,denier
Disasterhelp_1,green
EcoGreenTravel,green
JoLynnBurrow,denier
CriticalRiposte,denier
GelbspanFiles,denier
cultivEat,green
PlantYourTrees,green
julianrad,green
D33munni,green
Envest_AM,green
CrwdsrcingSusty,green
NiliMajumder,green
Climageddon,green
CleanAirMoms,green
873G5,denier
TheDancuso,denier
CCLSVN,green
aquaculturesg,green
jwrnr,green
Limey98,denier
BernadetteStoll,denier
hpjohn1,denier
xerb1966,denier
SVClimateChange,green
jonwins,denier
f_baechli,green
JLenardDetroit,denier
peterbonda007,denier
funtrap_yukie,green
kala_saanika,green
GBaizuo,denier
AnnGallon,green
stamatgeorge,green
bbbrieger,green
Slorider1,denier
TellyStern,denier
projectnowmedia,green
xuzy7,denier
EnergyCash1,denier
ShawnOueinsteen,green
Unsilent17,denier
EEFWW,green
PaulHBeckwith,green
2029itstarts,denier
thewollemipine,green
JSclimate,green
ncsgroup72,green
GSusizcoming,denier
DruCrawley,green
MukamiWaEmbu,green
earthkeepr,green
ClimateWed,green
KK_Pelletier,green
chiapet14,green
CCellUK,green
BakerLackey,green
sammysammy222,denier
not3bad,green
ArcticPreserve,green
Brent_Liebel,denier
DrAbhiGhadge,green
ecoMagNews,green
Domlyo,green
MainStreetMuse,denier
ArndCommodities,green
kzevans1124,green
EuroGeosciences,green
